{
  "__comment": "Instructions: https://mods.blakebr0.com/docs/cucumber/tags-config",
  "forge:ingots/tungsten": "moremekanismprocessing:tungsten_ingot",
  "forge:ingots/copper": "alltheores:copper_ingot",
  "forge:ingots/lumium": "thermal:lumium_ingot",
  "forge:silicon": "appliedenergistics2:silicon",
  "forge:gems/apatite": "moremekanismprocessing:gem_apatite",
  "forge:dusts/saltpeter": "bloodmagic:saltpeter",
  "forge:ingots/steel": "mekanism:ingot_steel",
  "forge:ingots/lead": "alltheores:lead_ingot",
  "forge:ingots/mithril": "null",
  "forge:ingots/iridium": "moremekanismprocessing:iridium_ingot",
  "forge:ingots/zinc": "alltheores:zinc_ingot",
  "forge:ingots/invar": "thermal:invar_ingot",
  "forge:gems/ruby": "moremekanismprocessing:gem_ruby",
  "forge:dusts/niter": "moremekanismprocessing:dust_niter",
  "forge:ingots/chrome": "null",
  "forge:ingots/enderium": "thermal:enderium_ingot",
  "forge:dusts/sulfur": "bloodmagic:sulfur",
  "forge:ingots/nickel": "alltheores:nickel_ingot",
  "forge:ingots/constantan": "thermal:constantan_ingot",
  "forge:ingots/tin": "alltheores:tin_ingot",
  "forge:gems/sapphire": "iceandfire:sapphire_gem",
  "forge:ingots/bronze": "thermal:bronze_ingot",
  "forge:ingots/electrum": "thermal:electrum_ingot",
  "forge:ingots/silver": "alltheores:silver_ingot",
  "forge:ingots/platinum": "alltheores:platinum_ingot",
  "forge:ingots/graphite": "null",
  "forge:ingots/uranium": "alltheores:uranium_ingot",
  "forge:ingots/aluminum": "alltheores:aluminum_ingot",
  "forge:ingots/signalum": "thermal:signalum_ingot",
  "forge:ingots/brass": "create:brass_ingot",
  "forge:ingots/titanium": "moremekanismprocessing:titanium_ingot",
  "forge:rubber": "null"
}